ShotId,ShotX,ShotY,ScanDir,MarkNo,MarkX,MarkY
1,-65,148.5,Up,4,12,-15.5
2,-39,148.5,Up,3,-12,-15.5
2,-39,148.5,Up,4,12,-15.5
3,-13,148.5,Up,3,-12,-15.5
3,-13,148.5,Up,4,12,-15.5
3,-13,148.5,Up,6,12,0
4,13,148.5,Up,3,-12,-15.5
4,13,148.5,Up,4,12,-15.5
4,13,148.5,Up,5,-12,0
5,39,148.5,Up,3,-12,-15.5
5,39,148.5,Up,4,12,-15.5
6,65,148.5,Up,3,-12,-15.5
7,-117,115.5,Down,4,12,-15.5
8,-91,115.5,Down,3,-12,-15.5
8,-91,115.5,Down,4,12,-15.5
8,-91,115.5,Down,6,12,0
9,-65,115.5,Down,2,12,15.5
9,-65,115.5,Down,3,-12,-15.5
9,-65,115.5,Down,4,12,-15.5
9,-65,115.5,Down,5,-12,0
9,-65,115.5,Down,6,12,0
10,-39,115.5,Down,1,-12,15.5
10,-39,115.5,Down,2,12,15.5
10,-39,115.5,Down,3,-12,-15.5
10,-39,115.5,Down,4,12,-15.5
10,-39,115.5,Down,5,-12,0
10,-39,115.5,Down,6,12,0
11,-13,115.5,Down,1,-12,15.5
11,-13,115.5,Down,2,12,15.5
11,-13,115.5,Down,3,-12,-15.5
11,-13,115.5,Down,4,12,-15.5
11,-13,115.5,Down,5,-12,0
11,-13,115.5,Down,6,12,0
12,13,115.5,Down,1,-12,15.5
12,13,115.5,Down,2,12,15.5
12,13,115.5,Down,3,-12,-15.5
12,13,115.5,Down,4,12,-15.5
12,13,115.5,Down,5,-12,0
12,13,115.5,Down,6,12,0
13,39,115.5,Down,1,-12,15.5
13,39,115.5,Down,2,12,15.5
13,39,115.5,Down,3,-12,-15.5
13,39,115.5,Down,4,12,-15.5
13,39,115.5,Down,5,-12,0
13,39,115.5,Down,6,12,0
14,65,115.5,Down,1,-12,15.5
14,65,115.5,Down,3,-12,-15.5
14,65,115.5,Down,4,12,-15.5
14,65,115.5,Down,5,-12,0
14,65,115.5,Down,6,12,0
15,91,115.5,Down,3,-12,-15.5
15,91,115.5,Down,4,12,-15.5
15,91,115.5,Down,5,-12,0
16,117,115.5,Down,3,-12,-15.5
17,-143,82.5,Up,4,12,-15.5
18,-117,82.5,Up,2,12,15.5
18,-117,82.5,Up,3,-12,-15.5
18,-117,82.5,Up,4,12,-15.5
18,-117,82.5,Up,6,12,0
19,-91,82.5,Up,1,-12,15.5
19,-91,82.5,Up,2,12,15.5
19,-91,82.5,Up,3,-12,-15.5
19,-91,82.5,Up,4,12,-15.5
19,-91,82.5,Up,5,-12,0
19,-91,82.5,Up,6,12,0
20,-65,82.5,Up,1,-12,15.5
20,-65,82.5,Up,2,12,15.5
20,-65,82.5,Up,3,-12,-15.5
20,-65,82.5,Up,4,12,-15.5
20,-65,82.5,Up,5,-12,0
20,-65,82.5,Up,6,12,0
21,-39,82.5,Up,1,-12,15.5
21,-39,82.5,Up,2,12,15.5
21,-39,82.5,Up,3,-12,-15.5
21,-39,82.5,Up,4,12,-15.5
21,-39,82.5,Up,5,-12,0
21,-39,82.5,Up,6,12,0
22,-13,82.5,Up,1,-12,15.5
22,-13,82.5,Up,2,12,15.5
22,-13,82.5,Up,3,-12,-15.5
22,-13,82.5,Up,4,12,-15.5
22,-13,82.5,Up,5,-12,0
22,-13,82.5,Up,6,12,0
23,13,82.5,Up,1,-12,15.5
23,13,82.5,Up,2,12,15.5
23,13,82.5,Up,3,-12,-15.5
23,13,82.5,Up,4,12,-15.5
23,13,82.5,Up,5,-12,0
23,13,82.5,Up,6,12,0
24,39,82.5,Up,1,-12,15.5
24,39,82.5,Up,2,12,15.5
24,39,82.5,Up,3,-12,-15.5
24,39,82.5,Up,4,12,-15.5
24,39,82.5,Up,5,-12,0
24,39,82.5,Up,6,12,0
25,65,82.5,Up,1,-12,15.5
25,65,82.5,Up,2,12,15.5
25,65,82.5,Up,3,-12,-15.5
25,65,82.5,Up,4,12,-15.5
25,65,82.5,Up,5,-12,0
25,65,82.5,Up,6,12,0
26,91,82.5,Up,1,-12,15.5
26,91,82.5,Up,2,12,15.5
26,91,82.5,Up,3,-12,-15.5
26,91,82.5,Up,4,12,-15.5
26,91,82.5,Up,5,-12,0
26,91,82.5,Up,6,12,0
27,117,82.5,Up,1,-12,15.5
27,117,82.5,Up,3,-12,-15.5
27,117,82.5,Up,4,12,-15.5
27,117,82.5,Up,5,-12,0
28,143,82.5,Up,3,-12,-15.5
29,-143,49.5,Down,2,12,15.5
29,-143,49.5,Down,4,12,-15.5
29,-143,49.5,Down,6,12,0
30,-117,49.5,Down,1,-12,15.5
30,-117,49.5,Down,2,12,15.5
30,-117,49.5,Down,3,-12,-15.5
30,-117,49.5,Down,4,12,-15.5
30,-117,49.5,Down,5,-12,0
30,-117,49.5,Down,6,12,0
31,-91,49.5,Down,1,-12,15.5
31,-91,49.5,Down,2,12,15.5
31,-91,49.5,Down,3,-12,-15.5
31,-91,49.5,Down,4,12,-15.5
31,-91,49.5,Down,5,-12,0
31,-91,49.5,Down,6,12,0
32,-65,49.5,Down,1,-12,15.5
32,-65,49.5,Down,2,12,15.5
32,-65,49.5,Down,3,-12,-15.5
32,-65,49.5,Down,4,12,-15.5
32,-65,49.5,Down,5,-12,0
32,-65,49.5,Down,6,12,0
33,-39,49.5,Down,1,-12,15.5
33,-39,49.5,Down,2,12,15.5
33,-39,49.5,Down,3,-12,-15.5
33,-39,49.5,Down,4,12,-15.5
33,-39,49.5,Down,5,-12,0
33,-39,49.5,Down,6,12,0
34,-13,49.5,Down,1,-12,15.5
34,-13,49.5,Down,2,12,15.5
34,-13,49.5,Down,3,-12,-15.5
34,-13,49.5,Down,4,12,-15.5
34,-13,49.5,Down,5,-12,0
34,-13,49.5,Down,6,12,0
35,13,49.5,Down,1,-12,15.5
35,13,49.5,Down,2,12,15.5
35,13,49.5,Down,3,-12,-15.5
35,13,49.5,Down,4,12,-15.5
35,13,49.5,Down,5,-12,0
35,13,49.5,Down,6,12,0
36,39,49.5,Down,1,-12,15.5
36,39,49.5,Down,2,12,15.5
36,39,49.5,Down,3,-12,-15.5
36,39,49.5,Down,4,12,-15.5
36,39,49.5,Down,5,-12,0
36,39,49.5,Down,6,12,0
37,65,49.5,Down,1,-12,15.5
37,65,49.5,Down,2,12,15.5
37,65,49.5,Down,3,-12,-15.5
37,65,49.5,Down,4,12,-15.5
37,65,49.5,Down,5,-12,0
37,65,49.5,Down,6,12,0
38,91,49.5,Down,1,-12,15.5
38,91,49.5,Down,2,12,15.5
38,91,49.5,Down,3,-12,-15.5
38,91,49.5,Down,4,12,-15.5
38,91,49.5,Down,5,-12,0
38,91,49.5,Down,6,12,0
39,117,49.5,Down,1,-12,15.5
39,117,49.5,Down,2,12,15.5
39,117,49.5,Down,3,-12,-15.5
39,117,49.5,Down,4,12,-15.5
39,117,49.5,Down,5,-12,0
39,117,49.5,Down,6,12,0
40,143,49.5,Down,1,-12,15.5
40,143,49.5,Down,3,-12,-15.5
40,143,49.5,Down,5,-12,0
41,-143,16.5,Up,2,12,15.5
41,-143,16.5,Up,4,12,-15.5
41,-143,16.5,Up,6,12,0
42,-117,16.5,Up,1,-12,15.5
42,-117,16.5,Up,2,12,15.5
42,-117,16.5,Up,3,-12,-15.5
42,-117,16.5,Up,4,12,-15.5
42,-117,16.5,Up,5,-12,0
42,-117,16.5,Up,6,12,0
43,-91,16.5,Up,1,-12,15.5
43,-91,16.5,Up,2,12,15.5
43,-91,16.5,Up,3,-12,-15.5
43,-91,16.5,Up,4,12,-15.5
43,-91,16.5,Up,5,-12,0
43,-91,16.5,Up,6,12,0
44,-65,16.5,Up,1,-12,15.5
44,-65,16.5,Up,2,12,15.5
44,-65,16.5,Up,3,-12,-15.5
44,-65,16.5,Up,4,12,-15.5
44,-65,16.5,Up,5,-12,0
44,-65,16.5,Up,6,12,0
45,-39,16.5,Up,1,-12,15.5
45,-39,16.5,Up,2,12,15.5
45,-39,16.5,Up,3,-12,-15.5
45,-39,16.5,Up,4,12,-15.5
45,-39,16.5,Up,5,-12,0
45,-39,16.5,Up,6,12,0
46,-13,16.5,Up,1,-12,15.5
46,-13,16.5,Up,2,12,15.5
46,-13,16.5,Up,3,-12,-15.5
46,-13,16.5,Up,4,12,-15.5
46,-13,16.5,Up,5,-12,0
46,-13,16.5,Up,6,12,0
47,13,16.5,Up,1,-12,15.5
47,13,16.5,Up,2,12,15.5
47,13,16.5,Up,3,-12,-15.5
47,13,16.5,Up,4,12,-15.5
47,13,16.5,Up,5,-12,0
47,13,16.5,Up,6,12,0
48,39,16.5,Up,1,-12,15.5
48,39,16.5,Up,2,12,15.5
48,39,16.5,Up,3,-12,-15.5
48,39,16.5,Up,4,12,-15.5
48,39,16.5,Up,5,-12,0
48,39,16.5,Up,6,12,0
49,65,16.5,Up,1,-12,15.5
49,65,16.5,Up,2,12,15.5
49,65,16.5,Up,3,-12,-15.5
49,65,16.5,Up,4,12,-15.5
49,65,16.5,Up,5,-12,0
49,65,16.5,Up,6,12,0
50,91,16.5,Up,1,-12,15.5
50,91,16.5,Up,2,12,15.5
50,91,16.5,Up,3,-12,-15.5
50,91,16.5,Up,4,12,-15.5
50,91,16.5,Up,5,-12,0
50,91,16.5,Up,6,12,0
51,117,16.5,Up,1,-12,15.5
51,117,16.5,Up,2,12,15.5
51,117,16.5,Up,3,-12,-15.5
51,117,16.5,Up,4,12,-15.5
51,117,16.5,Up,5,-12,0
51,117,16.5,Up,6,12,0
52,143,16.5,Up,1,-12,15.5
52,143,16.5,Up,3,-12,-15.5
52,143,16.5,Up,5,-12,0
53,-143,-16.5,Down,2,12,15.5
53,-143,-16.5,Down,4,12,-15.5
53,-143,-16.5,Down,6,12,0
54,-117,-16.5,Down,1,-12,15.5
54,-117,-16.5,Down,2,12,15.5
54,-117,-16.5,Down,3,-12,-15.5
54,-117,-16.5,Down,4,12,-15.5
54,-117,-16.5,Down,5,-12,0
54,-117,-16.5,Down,6,12,0
55,-91,-16.5,Down,1,-12,15.5
55,-91,-16.5,Down,2,12,15.5
55,-91,-16.5,Down,3,-12,-15.5
55,-91,-16.5,Down,4,12,-15.5
55,-91,-16.5,Down,5,-12,0
55,-91,-16.5,Down,6,12,0
56,-65,-16.5,Down,1,-12,15.5
56,-65,-16.5,Down,2,12,15.5
56,-65,-16.5,Down,3,-12,-15.5
56,-65,-16.5,Down,4,12,-15.5
56,-65,-16.5,Down,5,-12,0
56,-65,-16.5,Down,6,12,0
57,-39,-16.5,Down,1,-12,15.5
57,-39,-16.5,Down,2,12,15.5
57,-39,-16.5,Down,3,-12,-15.5
57,-39,-16.5,Down,4,12,-15.5
57,-39,-16.5,Down,5,-12,0
57,-39,-16.5,Down,6,12,0
58,-13,-16.5,Down,1,-12,15.5
58,-13,-16.5,Down,2,12,15.5
58,-13,-16.5,Down,3,-12,-15.5
58,-13,-16.5,Down,4,12,-15.5
58,-13,-16.5,Down,5,-12,0
58,-13,-16.5,Down,6,12,0
59,13,-16.5,Down,1,-12,15.5
59,13,-16.5,Down,2,12,15.5
59,13,-16.5,Down,3,-12,-15.5
59,13,-16.5,Down,4,12,-15.5
59,13,-16.5,Down,5,-12,0
59,13,-16.5,Down,6,12,0
60,39,-16.5,Down,1,-12,15.5
60,39,-16.5,Down,2,12,15.5
60,39,-16.5,Down,3,-12,-15.5
60,39,-16.5,Down,4,12,-15.5
60,39,-16.5,Down,5,-12,0
60,39,-16.5,Down,6,12,0
61,65,-16.5,Down,1,-12,15.5
61,65,-16.5,Down,2,12,15.5
61,65,-16.5,Down,3,-12,-15.5
61,65,-16.5,Down,4,12,-15.5
61,65,-16.5,Down,5,-12,0
61,65,-16.5,Down,6,12,0
62,91,-16.5,Down,1,-12,15.5
62,91,-16.5,Down,2,12,15.5
62,91,-16.5,Down,3,-12,-15.5
62,91,-16.5,Down,4,12,-15.5
62,91,-16.5,Down,5,-12,0
62,91,-16.5,Down,6,12,0
63,117,-16.5,Down,1,-12,15.5
63,117,-16.5,Down,2,12,15.5
63,117,-16.5,Down,3,-12,-15.5
63,117,-16.5,Down,4,12,-15.5
63,117,-16.5,Down,5,-12,0
63,117,-16.5,Down,6,12,0
64,143,-16.5,Down,1,-12,15.5
64,143,-16.5,Down,3,-12,-15.5
64,143,-16.5,Down,5,-12,0
65,-143,-49.5,Up,2,12,15.5
65,-143,-49.5,Up,4,12,-15.5
65,-143,-49.5,Up,6,12,0
66,-117,-49.5,Up,1,-12,15.5
66,-117,-49.5,Up,2,12,15.5
66,-117,-49.5,Up,3,-12,-15.5
66,-117,-49.5,Up,4,12,-15.5
66,-117,-49.5,Up,5,-12,0
66,-117,-49.5,Up,6,12,0
67,-91,-49.5,Up,1,-12,15.5
67,-91,-49.5,Up,2,12,15.5
67,-91,-49.5,Up,3,-12,-15.5
67,-91,-49.5,Up,4,12,-15.5
67,-91,-49.5,Up,5,-12,0
67,-91,-49.5,Up,6,12,0
68,-65,-49.5,Up,1,-12,15.5
68,-65,-49.5,Up,2,12,15.5
68,-65,-49.5,Up,3,-12,-15.5
68,-65,-49.5,Up,4,12,-15.5
68,-65,-49.5,Up,5,-12,0
68,-65,-49.5,Up,6,12,0
69,-39,-49.5,Up,1,-12,15.5
69,-39,-49.5,Up,2,12,15.5
69,-39,-49.5,Up,3,-12,-15.5
69,-39,-49.5,Up,4,12,-15.5
69,-39,-49.5,Up,5,-12,0
69,-39,-49.5,Up,6,12,0
70,-13,-49.5,Up,1,-12,15.5
70,-13,-49.5,Up,2,12,15.5
70,-13,-49.5,Up,3,-12,-15.5
70,-13,-49.5,Up,4,12,-15.5
70,-13,-49.5,Up,5,-12,0
70,-13,-49.5,Up,6,12,0
71,13,-49.5,Up,1,-12,15.5
71,13,-49.5,Up,2,12,15.5
71,13,-49.5,Up,3,-12,-15.5
71,13,-49.5,Up,4,12,-15.5
71,13,-49.5,Up,5,-12,0
71,13,-49.5,Up,6,12,0
72,39,-49.5,Up,1,-12,15.5
72,39,-49.5,Up,2,12,15.5
72,39,-49.5,Up,3,-12,-15.5
72,39,-49.5,Up,4,12,-15.5
72,39,-49.5,Up,5,-12,0
72,39,-49.5,Up,6,12,0
73,65,-49.5,Up,1,-12,15.5
73,65,-49.5,Up,2,12,15.5
73,65,-49.5,Up,3,-12,-15.5
73,65,-49.5,Up,4,12,-15.5
73,65,-49.5,Up,5,-12,0
73,65,-49.5,Up,6,12,0
74,91,-49.5,Up,1,-12,15.5
74,91,-49.5,Up,2,12,15.5
74,91,-49.5,Up,3,-12,-15.5
74,91,-49.5,Up,4,12,-15.5
74,91,-49.5,Up,5,-12,0
74,91,-49.5,Up,6,12,0
75,117,-49.5,Up,1,-12,15.5
75,117,-49.5,Up,2,12,15.5
75,117,-49.5,Up,3,-12,-15.5
75,117,-49.5,Up,4,12,-15.5
75,117,-49.5,Up,5,-12,0
75,117,-49.5,Up,6,12,0
76,143,-49.5,Up,1,-12,15.5
76,143,-49.5,Up,3,-12,-15.5
76,143,-49.5,Up,5,-12,0
77,-143,-82.5,Down,2,12,15.5
78,-117,-82.5,Down,1,-12,15.5
78,-117,-82.5,Down,2,12,15.5
78,-117,-82.5,Down,4,12,-15.5
78,-117,-82.5,Down,6,12,0
79,-91,-82.5,Down,1,-12,15.5
79,-91,-82.5,Down,2,12,15.5
79,-91,-82.5,Down,3,-12,-15.5
79,-91,-82.5,Down,4,12,-15.5
79,-91,-82.5,Down,5,-12,0
79,-91,-82.5,Down,6,12,0
80,-65,-82.5,Down,1,-12,15.5
80,-65,-82.5,Down,2,12,15.5
80,-65,-82.5,Down,3,-12,-15.5
80,-65,-82.5,Down,4,12,-15.5
80,-65,-82.5,Down,5,-12,0
80,-65,-82.5,Down,6,12,0
81,-39,-82.5,Down,1,-12,15.5
81,-39,-82.5,Down,2,12,15.5
81,-39,-82.5,Down,3,-12,-15.5
81,-39,-82.5,Down,4,12,-15.5
81,-39,-82.5,Down,5,-12,0
81,-39,-82.5,Down,6,12,0
82,-13,-82.5,Down,1,-12,15.5
82,-13,-82.5,Down,2,12,15.5
82,-13,-82.5,Down,3,-12,-15.5
82,-13,-82.5,Down,4,12,-15.5
82,-13,-82.5,Down,5,-12,0
82,-13,-82.5,Down,6,12,0
83,13,-82.5,Down,1,-12,15.5
83,13,-82.5,Down,2,12,15.5
83,13,-82.5,Down,3,-12,-15.5
83,13,-82.5,Down,4,12,-15.5
83,13,-82.5,Down,5,-12,0
83,13,-82.5,Down,6,12,0
84,39,-82.5,Down,1,-12,15.5
84,39,-82.5,Down,2,12,15.5
84,39,-82.5,Down,3,-12,-15.5
84,39,-82.5,Down,4,12,-15.5
84,39,-82.5,Down,5,-12,0
84,39,-82.5,Down,6,12,0
85,65,-82.5,Down,1,-12,15.5
85,65,-82.5,Down,2,12,15.5
85,65,-82.5,Down,3,-12,-15.5
85,65,-82.5,Down,4,12,-15.5
85,65,-82.5,Down,5,-12,0
85,65,-82.5,Down,6,12,0
86,91,-82.5,Down,1,-12,15.5
86,91,-82.5,Down,2,12,15.5
86,91,-82.5,Down,3,-12,-15.5
86,91,-82.5,Down,4,12,-15.5
86,91,-82.5,Down,5,-12,0
86,91,-82.5,Down,6,12,0
87,117,-82.5,Down,1,-12,15.5
87,117,-82.5,Down,2,12,15.5
87,117,-82.5,Down,3,-12,-15.5
87,117,-82.5,Down,5,-12,0
88,143,-82.5,Down,1,-12,15.5
89,-117,-115.5,Up,2,12,15.5
90,-91,-115.5,Up,1,-12,15.5
90,-91,-115.5,Up,2,12,15.5
90,-91,-115.5,Up,6,12,0
91,-65,-115.5,Up,1,-12,15.5
91,-65,-115.5,Up,2,12,15.5
91,-65,-115.5,Up,4,12,-15.5
91,-65,-115.5,Up,5,-12,0
91,-65,-115.5,Up,6,12,0
92,-39,-115.5,Up,1,-12,15.5
92,-39,-115.5,Up,2,12,15.5
92,-39,-115.5,Up,3,-12,-15.5
92,-39,-115.5,Up,4,12,-15.5
92,-39,-115.5,Up,5,-12,0
92,-39,-115.5,Up,6,12,0
93,-13,-115.5,Up,1,-12,15.5
93,-13,-115.5,Up,2,12,15.5
93,-13,-115.5,Up,3,-12,-15.5
93,-13,-115.5,Up,4,12,-15.5
93,-13,-115.5,Up,5,-12,0
93,-13,-115.5,Up,6,12,0
94,13,-115.5,Up,1,-12,15.5
94,13,-115.5,Up,2,12,15.5
94,13,-115.5,Up,3,-12,-15.5
94,13,-115.5,Up,4,12,-15.5
94,13,-115.5,Up,5,-12,0
94,13,-115.5,Up,6,12,0
95,39,-115.5,Up,1,-12,15.5
95,39,-115.5,Up,2,12,15.5
95,39,-115.5,Up,3,-12,-15.5
95,39,-115.5,Up,4,12,-15.5
95,39,-115.5,Up,5,-12,0
95,39,-115.5,Up,6,12,0
96,65,-115.5,Up,1,-12,15.5
96,65,-115.5,Up,2,12,15.5
96,65,-115.5,Up,3,-12,-15.5
96,65,-115.5,Up,5,-12,0
96,65,-115.5,Up,6,12,0
97,91,-115.5,Up,1,-12,15.5
97,91,-115.5,Up,2,12,15.5
97,91,-115.5,Up,5,-12,0
98,117,-115.5,Up,1,-12,15.5
99,-65,-148.5,Down,2,12,15.5
100,-39,-148.5,Down,1,-12,15.5
100,-39,-148.5,Down,2,12,15.5
101,-13,-148.5,Down,1,-12,15.5
101,-13,-148.5,Down,2,12,15.5
101,-13,-148.5,Down,6,12,0
102,13,-148.5,Down,1,-12,15.5
102,13,-148.5,Down,2,12,15.5
102,13,-148.5,Down,5,-12,0
103,39,-148.5,Down,1,-12,15.5
103,39,-148.5,Down,2,12,15.5
104,65,-148.5,Down,1,-12,15.5
